<application>
  <component name="ConsoleFoldingSettings">
    <option name="addedPositive">
      <list>
        <option value="10-28 10:00:17.389 1158-1158/com.android.launcher3 W/ResourceType: No known package when getting name for resource number 0x9c000203" />
        <option value="10-30 10:30:59.543 20880-20880/com.geovra.red E/dalvikvm: Could not find class 'androidx.core.view.ViewCompat$2', referenced from method androidx.core.view.ViewCompat.addOnUnhandledKeyEventListener" />
        <option value="10-30 10:30:59.544 20880-20880/com.geovra.red E/dalvikvm: Could not find class 'android.view.WindowInsets', referenced from method androidx.core.view.ViewCompat.dispatchApplyWindowInsets" />
        <option value="10-30 10:30:59.688 20880-20880/com.geovra.red E/dalvikvm: Could not find class 'android.view.textclassifier.TextClassificationManager', referenced from method androidx.appcompat.widget.AppCompatTextClassifierHelper.getTextClassifier" />
        <option value="ActivityManager: Start proc" />
        <option value="AlarmClock:" />
        <option value="at com.android.okhttp.internal.http.HttpEngine.connect(HttpEngine.java:294)" />
        <option value="at com.android.okhttp.internal.http.HttpURLConnectionImpl.execute(HttpURLConnectionImpl.java:355)" />
        <option value="CaptivePortalTracker:" />
        <option value="com.android.launcher3 W/ResourceType:" />
        <option value="ConnectivityService:" />
        <option value="dalvikvm:" />
        <option value="dalvikvm: Could not find class" />
        <option value="dalvikvm: Could not find method" />
        <option value="dalvikvm: VFY: replacing opcode" />
        <option value="dalvikvm: VFY: unable" />
        <option value="dalvikvm: VFY: unable to resolve" />
        <option value="DexOpt: unable" />
        <option value="EGL_emulation: tid" />
        <option value="HardwareRenderer: Backbuffer" />
        <option value="java.net.ConnectException: failed to connect to rlog.9gag.com/127.0.0.1 (port 443) after 5000ms: isConnected failed: ECONNREFUSED (Connection refused)" />
        <option value="libEGL:" />
        <option value="MobileDataStateTracker:" />
        <option value="MusicFXControlPanelReceiver:" />
        <option value="OpenGLRenderer:" />
        <option value="waiting for debugger to settl" />
        <option value="com.android.internal.os.Zygote" />
      </list>
    </option>
  </component>
</application>