<keymap version="1" name="Default for GNOME copy" parent="Default for GNOME">
  <action id="ActivateDebugToolWindow" />
  <action id="ActivateFavoritesToolWindow" />
  <action id="ActivateFindToolWindow" />
  <action id="ActivateLogcatToolWindow">
    <keyboard-shortcut first-keystroke="alt l" second-keystroke="alt l" />
  </action>
  <action id="ActivateProjectToolWindow" />
  <action id="ActivateRunToolWindow" />
  <action id="ActivateStructureToolWindow" />
  <action id="CloseAllEditors">
    <keyboard-shortcut first-keystroke="shift ctrl w" />
  </action>
  <action id="CloseContent">
    <keyboard-shortcut first-keystroke="ctrl w" />
  </action>
  <action id="CollapseRegion">
    <keyboard-shortcut first-keystroke="ctrl subtract" />
    <keyboard-shortcut first-keystroke="ctrl minus" />
    <keyboard-shortcut first-keystroke="shift ctrl open_bracket" />
  </action>
  <action id="EditorCodeBlockEndWithSelection" />
  <action id="EditorCodeBlockStartWithSelection" />
  <action id="EditorMoveToPageBottom" />
  <action id="EditorMoveToPageTop" />
  <action id="EditorSelectWord" />
  <action id="EditorUnSelectWord" />
  <action id="ExpandRegion">
    <keyboard-shortcut first-keystroke="ctrl add" />
    <keyboard-shortcut first-keystroke="ctrl equals" />
    <keyboard-shortcut first-keystroke="shift ctrl close_bracket" />
  </action>
  <action id="GoToTab1">
    <keyboard-shortcut first-keystroke="alt 1" />
  </action>
  <action id="GoToTab2">
    <keyboard-shortcut first-keystroke="alt 2" />
  </action>
  <action id="GoToTab3">
    <keyboard-shortcut first-keystroke="alt 3" />
  </action>
  <action id="GoToTab4">
    <keyboard-shortcut first-keystroke="alt 4" />
  </action>
  <action id="GoToTab5">
    <keyboard-shortcut first-keystroke="alt 5" />
  </action>
  <action id="GoToTab6">
    <keyboard-shortcut first-keystroke="alt 6" />
  </action>
  <action id="GoToTab7">
    <keyboard-shortcut first-keystroke="alt 7" />
  </action>
  <action id="MoveTabDown">
    <keyboard-shortcut first-keystroke="ctrl page_up" />
  </action>
  <action id="MoveTabRight">
    <keyboard-shortcut first-keystroke="ctrl page_down" />
  </action>
  <action id="ReopenClosedTab">
    <keyboard-shortcut first-keystroke="ctrl t" />
  </action>
  <action id="UpdateRunningApplication" />
  <action id="Vcs.UpdateProject" />
  <action id="android.deploy.ApplyChanges">
    <keyboard-shortcut first-keystroke="ctrl f10" />
  </action>
  <action id="android.deploy.CodeSwap">
    <keyboard-shortcut first-keystroke="ctrl alt f10" />
  </action>
</keymap>